"id","title","right","deadline","how","why","sources"
"rts","Right to Service, Haryana","A notified service within its time limit, or an automatic appeal.","Notified limit","Apply on Saral Haryana and keep the application number. | Past the limit? The Auto Appeal System escalates for you. | The Commission can fine the officer and compensate you.","Covers certificates, approvals, connections and corrections. CM Window cases about notified services route into the same system.","Auto Appeal System (https://aas.saralharyana.nic.in/) | Saral Haryana (https://saralharyana.gov.in/)"
"cpgrams","CPGRAMS, central complaints","A reply within 21 days from any central ministry or body.","21 days","File at pgportal.gov.in and note the registration number. | No reply by day 21? An interim reply must give a reason and date. | Rate the resolution; a poor rating opens an appeal.","Use for NHAI, CPCB, CAQM, banks, telecom, railways, EPFO and central schemes. A grievance cannot be closed as not our department; it must be transferred.","CPGRAMS (https://pgportal.gov.in/)"
"cmwindow","CM Window and the MCG ladder","A tracked escalation when a civic ticket is closed without a fix.","3 levels, then CM Window","Keep the ticket number; only you can close a GMDA ticket. | Escalate to the department head, then Commissioner and Mayor. | Still pending? CM Window, with every ticket number attached.","CM Window sends the case to the Directorate of Urban Local Bodies with a registration number you can track by SMS.","CM Window (https://cmharyanacell.nic.in/) | MCG (https://www.mcg.gov.in/) | GMDA portal (https://services.gmda.gov.in/)"
"rti","Right to Information","Any record a public authority holds, within 30 days, for 10 rupees.","30 days","Ask for specific documents: work order, measurement book, inspection report. | No reply, or a poor one? First appeal in the same office. | Second appeal to the State Information Commission.","48 hours where life or liberty is involved. Use RTI to prove what was sanctioned and paid before you escalate.","RTI Online, central bodies (https://rtionline.gov.in/)"
"swm","Solid Waste Management Rules, 2016","Segregated waste collected at your door, transported separately and processed.","Daily collection","Segregate wet, dry and domestic hazardous waste. | Bulk generators, 100 kg a day, process wet waste on site. | Collector mixing your streams? Report it with a photo.","Spot fines apply to littering, burning and unsegregated handover. Societies planning composting can ask the Forum for a clinic.","Swachh Bharat Mission Urban (https://swachhbharaturban.gov.in/)"
"rera","RERA and apartment ownership","Interest or a refund for delay; defects fixed for five years after possession.","5-year defect liability","Complain to HRERA Gurugram with the agreement and payment record. | Appeal to the Real Estate Appellate Tribunal. | Maintenance handover and licence conditions: DTCP.","Common areas belong to the association of allottees once it is formed.","HRERA Gurugram (https://haryanarera.gov.in/) | DTCP Haryana (https://tcpharyana.gov.in/)"
"consumer","Consumer Protection Act, 2019","Redress for defective goods and deficient services, filed from where you live.","District: up to 50 lakh","Written complaint to the seller; keep the record. | Helpline 1915 mediates with the company. | File on e-Jagriti before the District Commission, Gurugram.","Covers builders, hospitals, schools and online platforms. The State Commission hears claims up to 2 crore.","National Consumer Helpline (https://consumerhelpline.gov.in/) | e-Jagriti (https://e-jagriti.gov.in/)"
"police","Police: what you are entitled to","A Zero FIR at any station for a cognisable offence, and a free copy.","Cyber fraud: 1 hour","Emergency 112; women 181; children 1098; cyber 1930. | FIR refused? Written complaint to the DCP of the zone. | Still refused? Commissioner of Police, or the Magistrate.","Cyber fraud reported within the first hour has the best chance of freezing the money.","Haryana Police (https://haryanapolice.gov.in/) | Cybercrime portal (https://cybercrime.gov.in/)"
"dhbvn","Electricity standards of performance","Supply restored and meters fixed within regulator limits, with compensation for delay.","HERC time limits","Register on 1912 or the DHBVN portal; keep the number. | Escalate to the SDO, then the Executive Engineer. | Then the Consumer Grievance Redressal Forum and the Ombudsman.","The Haryana Electricity Regulatory Commission sets the standards; DHBVN owes compensation for missed limits.","DHBVN (https://dhbvn.org.in/)"
"air","Air quality: GRAP","Enforcement against dust, burning and emissions as the AQI worsens.","GRAP stages 1 to 4","Report on the Sameer app with photo and time. | Or the GMDA portal's air-monitoring cell. | Then the HSPCB Regional Officer; CPGRAMS for CAQM.","The Commission for Air Quality Management runs the Graded Response Action Plan across the NCR.","CAQM (https://caqm.nic.in/) | CPCB and Sameer (https://cpcb.nic.in/)"
"vote","Your vote in Gurugram","Register at your Gurugram address, or shift an existing registration online.","Form 6 new, Form 8 shift","Apply on the ECI voter portal; the e-EPIC downloads to your phone. | Check your name on the roll before every election. | Municipal, assembly and parliamentary rolls all flow from it.","Turnout in the 2025 municipal election was under 42 percent. One ward was decided by two votes.","Voter portal (ECI) (https://voters.eci.gov.in/) | 2025 ward voter lists (https://gurugram.gov.in/voter-list-for-mc-election-gurugram-2025/)"