"id","label","label_hi","responsible_desk","owns","channels","ladder","role_ids"
"roads","Roads, footpaths","सड़क, फ़ुटपाथ","GMDA for master roads, MCG for internal roads","GMDA owns the master roads between sectors and the major corridors. MCG owns internal roads, lanes and footpaths. HSVP keeps its own sectors until transfer; developers keep licensed colonies under DTCP. NH-48 and the expressways are NHAI.","Portal: GMDA integrated grievance portal (https://services.gmda.gov.in/) | Toll-free: 1800 180 1817 (tel:18001801817) | WhatsApp: 78400 01817, with a photo (https://wa.me/917840001817) | App: myGurugram | Highways: NHAI 1033 (tel:1033)","Ticket on the portal; keep the number. Only you can close it. | No action in time: the officer named on the ticket, then the zone Joint Commissioner or Executive Engineer. | Still pending: MCG Commissioner and Mayor, or GMDA CEO. | Final: CM Window, with every ticket number attached.","gmda|mcg|hsvp|dtcp|nhai|councillor|je"
"waste","Garbage","कचरा","MCG sanitation wing","Door-to-door collection, sweeping, collection points, bulk waste and debris. Societies producing 100 kg a day or more must process wet waste on site under the 2016 rules.","Portal: GMDA integrated grievance portal (https://services.gmda.gov.in/) | Toll-free: 1800 180 1817 (tel:18001801817) | WhatsApp: 78400 01817, with a photo (https://wa.me/917840001817) | App: myGurugram | Central record: Swachhata app (https://swachhbharaturban.gov.in/)","Ticket on the portal or the Swachhata app; keep the number. | Not attended: the ward sanitary inspector, then the zone Joint Commissioner. | Still pending: MCG Commissioner and Mayor. | Final: CM Window with the ticket history.","mcg|ulb|mohua|councillor|je|rwa"
"water","Water, sewer","पानी, सीवर","GMDA for bulk supply, MCG for distribution","GMDA runs the treatment plants, master water lines and master sewers. MCG owns distribution and internal sewers inside sectors; HSVP in its own sectors. Tankers during a shortage come through the same ticket.","Portal: GMDA integrated grievance portal (https://services.gmda.gov.in/) | Toll-free: 1800 180 1817 (tel:18001801817) | WhatsApp: 78400 01817, with a photo (https://wa.me/917840001817) | App: myGurugram","Ticket on the portal; keep the number. Only you can close it. | No action in time: the officer named on the ticket, then the zone Joint Commissioner or Executive Engineer. | Still pending: MCG Commissioner and Mayor, or GMDA CEO. | Final: CM Window, with every ticket number attached.","gmda|mcg|hsvp|je"
"drains","Drains, flooding","नाले, जलभराव","GMDA for master drains, MCG for internal drains","GMDA owns the master storm drains and natural creeks. MCG owns internal drains, desilting and road gullies. In the monsoon the district control room coordinates emergency pumping.","Portal: GMDA integrated grievance portal (https://services.gmda.gov.in/) | Toll-free: 1800 180 1817 (tel:18001801817) | WhatsApp: 78400 01817, with a photo (https://wa.me/917840001817) | App: myGurugram | District: Control room and helplines (https://gurugram.gov.in/helpline/)","Ticket on the portal; keep the number. Only you can close it. | No action in time: the officer named on the ticket, then the zone Joint Commissioner or Executive Engineer. | Still pending: MCG Commissioner and Mayor, or GMDA CEO. | Final: CM Window, with every ticket number attached.","gmda|mcg|dc|je"
"lights","Streetlights","स्ट्रीट लाइट","MCG for internal roads, GMDA for master roads","Dark stretches, faulty poles and timers on internal roads are MCG; on sector-dividing and master roads they are GMDA. Quote the pole number if it is painted on.","Portal: GMDA integrated grievance portal (https://services.gmda.gov.in/) | Toll-free: 1800 180 1817 (tel:18001801817) | WhatsApp: 78400 01817, with a photo (https://wa.me/917840001817) | App: myGurugram","Ticket on the portal; keep the number. Only you can close it. | No action in time: the officer named on the ticket, then the zone Joint Commissioner or Executive Engineer. | Still pending: MCG Commissioner and Mayor, or GMDA CEO. | Final: CM Window, with every ticket number attached.","mcg|gmda|je"
"parks","Parks, trees","पार्क, पेड़","MCG horticulture; HSVP in its sectors; Forest Department for trees","Neighbourhood parks are MCG horticulture. Green belts along HSVP roads are HSVP. Felling or damaging a tree needs Forest Department permission; report illegal felling to the Forest Department and the police.","Portal: GMDA integrated grievance portal (https://services.gmda.gov.in/) | Toll-free: 1800 180 1817 (tel:18001801817) | WhatsApp: 78400 01817, with a photo (https://wa.me/917840001817) | App: myGurugram","Ticket on the portal; keep the number. Only you can close it. | No action in time: the officer named on the ticket, then the zone Joint Commissioner or Executive Engineer. | Still pending: MCG Commissioner and Mayor, or GMDA CEO. | Final: CM Window, with every ticket number attached.","mcg|hsvp"
"traffic","Traffic","ट्रैफ़िक","Gurugram Traffic Police; GMDA for signals","Enforcement, wrong-side driving and parking are the Traffic Police. Faulty signals, signage and junction design are GMDA. Vendors and structures on roads are MCG enforcement.","Emergency: 112 (tel:112) | Police: Haryana Police portal (https://haryanapolice.gov.in/) | Signals: GMDA integrated portal (https://services.gmda.gov.in/) | Toll-free: 1800 180 1817 (tel:18001801817)","Traffic Police for enforcement; a GMDA ticket for signals and engineering. | Not attended: the ACP Traffic of the zone, then the DCP Traffic. | Still pending: the Commissioner of Police, Gurugram. | Final: CM Window, or a Forum policy dialogue for a recurring junction.","police|gmda|mcg"
"power","Electricity","बिजली","DHBVN","Outages, tripping, broken poles, meter faults and billing disputes. Restoration and meter timelines are set by the Haryana Electricity Regulatory Commission.","Helpline: 1912 (tel:1912) | Portal: DHBVN consumer portal (https://dhbvn.org.in/)","Register on 1912 or the portal; keep the complaint number. | Not resolved: the SDO (Operation), then the Executive Engineer. | Still pending: the Consumer Grievance Redressal Forum, DHBVN. | Final: the Electricity Ombudsman, Haryana.","dhbvn"
"pollution","Air, noise","हवा, शोर","HSPCB regional office, Gurugram","Construction dust, industrial emissions, noise and waste burning. Burning on public land is also MCG. Under GRAP, the Commission for Air Quality Management sets NCR-wide restrictions.","Central app: Sameer (CPCB) (https://cpcb.nic.in/) | State board: HSPCB (https://hspcb.gov.in/) | Portal: GMDA portal, air-monitoring cell (https://services.gmda.gov.in/) | Toll-free: 1800 180 1817 (tel:18001801817)","Complaint on Sameer or the GMDA portal, with photo and time. | Not attended: the HSPCB Regional Officer, Gurugram. | Still pending: Member Secretary, HSPCB, and the Deputy Commissioner. | Final: CM Window, or CPGRAMS for CPCB and CAQM.","hspcb|caqm|mcg|dc"
"animals","Stray animals","आवारा पशु","MCG veterinary wing","Stray dog sterilisation and vaccination, stray cattle, carcass removal and dog-bite follow-up.","Portal: GMDA integrated grievance portal (https://services.gmda.gov.in/) | Toll-free: 1800 180 1817 (tel:18001801817) | WhatsApp: 78400 01817, with a photo (https://wa.me/917840001817) | App: myGurugram","Ticket on the portal; keep the number. Only you can close it. | No action in time: the officer named on the ticket, then the zone Joint Commissioner or Executive Engineer. | Still pending: MCG Commissioner and Mayor, or GMDA CEO. | Final: CM Window, with every ticket number attached.","mcg|je"
"construction","Illegal construction","अवैध निर्माण","MCG town planning; DTCP for licensed colonies; HSVP in its sectors","Unauthorised floors, commercial use of residential plots and encroachment inside municipal limits are MCG. Licensed private colonies are the District Town Planner. HSVP sectors are the HSVP Estate Officer.","Portal: GMDA integrated grievance portal (https://services.gmda.gov.in/) | Toll-free: 1800 180 1817 (tel:18001801817) | WhatsApp: 78400 01817, with a photo (https://wa.me/917840001817) | App: myGurugram | DTCP: Town and Country Planning (https://tcpharyana.gov.in/) | HSVP: HSVP (https://hsvphry.org.in/)","Written complaint with photos, plus a ticket on the portal. | Not attended: Senior Town Planner (MCG) or District Town Planner (DTCP). | Still pending: MCG Commissioner or Director, Town and Country Planning. | Final: CM Window.","mcg|dtcp|hsvp"
"property","Property tax","संपत्ति कर","MCG","Property-tax assessment and correction, building plans, occupation and no-dues certificates. Most are notified services with fixed time limits under the Right to Service Act.","Portal: ULB property tax and services (https://ulbhryndc.org/) | Services: Saral Haryana (https://saralharyana.gov.in/) | MCG: mcg.gov.in (https://www.mcg.gov.in/)","Apply online; keep the application number. | Past the notified limit: the Auto Appeal System escalates for you. | Still pending: Grievance Officer, then the Right to Service Commission. | Parallel route: CM Window.","mcg|ulb|rts"
"housing","Builders, societies","बिल्डर, सोसाइटी","HRERA Gurugram; DTCP; District Registrar","Delayed possession and defects go to HRERA. Maintenance handover and licence conditions are DTCP. Disputes inside an RWA or AOA go to the District Registrar under the 2012 Act.","HRERA: HRERA Gurugram (https://haryanarera.gov.in/) | DTCP: Town and Country Planning (https://tcpharyana.gov.in/) | District: District Registrar, Firms and Societies (https://gurugram.gov.in/)","File with HRERA or DTCP with the agreement and payment record. | HRERA: appeal to the Real Estate Appellate Tribunal. | DTCP: Director, Town and Country Planning, then CM Window. | Society-wide patterns go to a Forum policy dialogue.","hrera|dtcp|dc"
"safety","Police, cyber","पुलिस, साइबर","Gurugram Police","Crime, harassment, threats, domestic violence and cyber fraud. Any station must register a Zero FIR for a cognisable offence; you get a free copy of the FIR.","Emergency: 112 (tel:112) | Women: 181 (tel:181) | Cyber fraud: 1930, within the first hour (tel:1930) | Portal: cybercrime.gov.in (https://cybercrime.gov.in/) | Police: Haryana Police (https://haryanapolice.gov.in/)","112 in an emergency; otherwise the station or online. | FIR refused: written complaint to the DCP of the zone. | Still refused: Commissioner of Police, or the Judicial Magistrate. | Cyber fraud: 1930 first, then the portal, then the station.","police"
"consumer","Consumer","उपभोक्ता","National Consumer Helpline; District Commission, Gurugram","Defective goods, unfair charges, deficient services, online disputes. The District Commission hears claims up to 50 lakh rupees; the State Commission up to 2 crore.","Helpline: 1915 (tel:1915) | Portal: consumerhelpline.gov.in (https://consumerhelpline.gov.in/) | File online: e-Daakhil (https://edaakhil.nic.in/)","Written complaint to the seller; keep the record. | No resolution: 1915 mediation with the company. | Still unresolved: District Commission, Gurugram, on e-Daakhil. | Appeal to the State Commission, Panchkula.","consumer"
"rti","RTI","सूचना (RTI)","The Public Information Officer of that office","Any record a public authority holds: files, tenders, inspection reports, budgets. Reply due in 30 days, 48 hours where life or liberty is at stake.","Central: RTI Online (https://rtionline.gov.in/) | State: PIO of MCG, GMDA, HSVP or DTCP, with a 10 rupee fee","Application to the PIO with the fee. | No reply in 30 days: first appeal in the same office. | Second appeal: State Information Commission (CIC for central bodies). | The Forum can help draft a precise request.",""
"other","Something else","कुछ और","Depends on the subject; the Forum maps it","A scheme not reaching you, a service that needs redesign, an idea for the city. The Forum reads every submission and points it to a desk or a policy dialogue.","State: CM Window (https://cmharyanacell.nic.in/) | Central: CPGRAMS (https://pgportal.gov.in/) | Forum: Report it here (#/report)","Send it through the Forum. | A volunteer maps it within three working days. | Recurring themes go to a policy dialogue.","cm|chapter"