"name","url","level","for","how","phone","tags"
"GMDA integrated grievance portal","https://services.gmda.gov.in/","city","Civic complaints for GMDA, MCG, MC Manesar","Web, WhatsApp 78400 01817, myGurugram app","18001801817","civic"
"Municipal Corporation of Gurugram","https://www.mcg.gov.in/","city","Property tax, building plans, licences, certificates","Online services and zonal offices","","civic|housing"
"District Administration, Gurugram","https://gurugram.gov.in/","city","DC office, control room, representatives","Helpline directory and CM Window counter","","civic|escalation"
"OneMap GGM","https://onemapggm.gmda.gov.in/","city","Ward, sector and jurisdiction maps","Search a sector or drop a pin","","civic"
"Gurugram Police","https://haryanapolice.gov.in/","city","FIR, verification, women safety, cyber","Women 181, children 1098, cyber 1930","112","safety"
"CM Window, Haryana","https://cmharyanacell.nic.in/","state","Grievance against any Haryana department","Online or at any DC or SDM office","","escalation"
"Auto Appeal System, Right to Service","https://aas.saralharyana.nic.in/","state","Late notified services escalate automatically","Up to the Right to Service Commission","","escalation|civic"
"Saral Haryana","https://saralharyana.gov.in/","state","Notified state services with time limits","Apply, track, keep the number","","civic"
"Haryana ULB services and property tax","https://ulbharyana.gov.in/","state","Property tax and no-dues certificate","Search your property ID","","civic|housing"
"HRERA Gurugram","https://haryanarera.gov.in/","state","Builder delays, defects, refunds","Online complaint; hearings in Gurugram","","housing"
"Town and Country Planning (DTCP)","https://tcpharyana.gov.in/","state","Licensed colonies, handover, violations","District Town Planner, Gurugram","","housing"
"HSVP","https://hsvphry.org.in/","state","HSVP sectors, plots, internal services","Estate Officer, Gurugram","","civic|housing"
"DHBVN","https://dhbvn.org.in/","state","Electricity outages, meters, bills","Consumer portal for bills and complaints","1912","utilities"
"Haryana State Pollution Control Board","https://hspcb.gov.in/","state","Air, water, noise, construction dust","Regional office, Gurugram","","environment"
"Haryana Legislative Assembly","https://haryanaassembly.gov.in/","state","MLA profiles, attendance, questions","Members section","","escalation"
"CPGRAMS","https://pgportal.gov.in/","central","Central departments, 21-day timeline","Interim reply if longer; appeal after feedback","","escalation"
"Swachhata app","https://swachhbharaturban.gov.in/","central","Garbage, dumping, public toilets","Geo-tagged photo, routed to the ward","","civic|environment"
"Sameer app (CPCB)","https://cpcb.nic.in/","central","Air quality readings and complaints","Photo complaint to the state board","","environment"
"RTI Online","https://rtionline.gov.in/","central","Information from central bodies, 30 days","10 rupee fee; first appeal online","","consumer"
"National Consumer Helpline and e-Jagriti","https://consumerhelpline.gov.in/","central","Sellers, services, e-commerce disputes","File before the District Commission on e-Jagriti","1915","consumer"
"National Cybercrime Reporting Portal","https://cybercrime.gov.in/","central","Online and UPI fraud, harassment","Report within the first hour","1930","safety"
"NHAI","https://nhai.gov.in/","central","NH-48, expressways, tolls","Helpline for highway issues","1033","civic"
"Voter registration (ECI)","https://voters.eci.gov.in/","central","Register or shift your vote here","Form 6 new, Form 8 shift","1950","civic|escalation"
"MyGov","https://www.mygov.in/","central","Central consultations and ideas","Register and take part","","escalation"