"id","role","who","owns","links"
"mp","Member of Parliament, Gurgaon","Rao Inderjit Singh (BJP), Union Minister of State (IC), Statistics and Planning","Represents the constituency in Lok Sabha; MPLADS funds; central schemes and agencies for the city.","Official profile (MoSPI) (https://mospi.gov.in/sites/default/files/profileHonMin/Minister_Profile_28062024.pdf) | Lok Sabha members (https://sansad.in/ls/members) | District list of representatives (https://gurugram.gov.in/public-representative/)"
"mohua","Ministry of Housing and Urban Affairs","","Swachh Bharat Mission, AMRUT water and sewer funding, metro projects.","mohua.gov.in (https://mohua.gov.in/) | Grievance: CPGRAMS (https://pgportal.gov.in/)"
"nhai","NHAI","","NH-48, the Dwarka and Sohna expressways, toll plazas.","nhai.gov.in (https://nhai.gov.in/) | Grievance: CPGRAMS (https://pgportal.gov.in/)"
"caqm","Commission for Air Quality Management","","GRAP restrictions across the NCR.","caqm.nic.in (https://caqm.nic.in/) | Sameer app (CPCB) (https://cpcb.nic.in/)"
"cm","Chief Minister and Council of Ministers","Nayab Singh Saini, Chief Minister","State policy and budgets; CM Window is the top of every state escalation ladder.","CM Window (https://cmharyanacell.nic.in/) | haryana.gov.in (https://haryana.gov.in/)"
"mla77","MLA, Gurgaon (77)","Mukesh Sharma (BJP)","Old Gurugram and the central sectors; local development funds; questions in the Assembly.","Assembly members and attendance (https://haryanaassembly.gov.in/) | District list of representatives (https://gurugram.gov.in/public-representative/)"
"mla76","MLA, Badshahpur (76)","Rao Narbir Singh (BJP), Cabinet Minister","Badshahpur, Sohna Road belt and the new sectors.","Assembly members and attendance (https://haryanaassembly.gov.in/) | District list of representatives (https://gurugram.gov.in/public-representative/)"
"mla78","MLA, Sohna (78)","Tejpal Tanwar (BJP)","Sohna and the southern sectors.","Assembly members and attendance (https://haryanaassembly.gov.in/) | District list of representatives (https://gurugram.gov.in/public-representative/)"
"mla75","MLA, Pataudi (75)","Bimla Chaudhary (BJP)","Pataudi, Manesar side and the western villages.","Assembly members and attendance (https://haryanaassembly.gov.in/) | District list of representatives (https://gurugram.gov.in/public-representative/)"
"ulb","Urban Local Bodies Department","","Controls MCG and MC Manesar; property tax rules; hears CM Window cases against municipal bodies.","ulbharyana.gov.in (https://ulbharyana.gov.in/) | CM Window (https://cmharyanacell.nic.in/)"
"dtcp","Town and Country Planning (DTCP)","","Licenses private colonies; enforces licence conditions and handover.","tcpharyana.gov.in (https://tcpharyana.gov.in/)"
"rts","Right to Service Commission","","Hears auto-appeals when notified services are late; can fine officers.","Auto Appeal System (https://aas.saralharyana.nic.in/)"
"hrera","HRERA Gurugram","","Promoter delays, defects, refunds, unregistered projects.","haryanarera.gov.in (https://haryanarera.gov.in/)"
"dc","Deputy Commissioner, Gurugram","","Head of the district; revenue, elections, disaster management, coordination between agencies.","gurugram.gov.in (https://gurugram.gov.in/) | Helplines and control room (https://gurugram.gov.in/helpline/)"
"sdm","Sub-Divisional Magistrates","","Gurugram North and South, Badshahpur, Sohna, Pataudi and Manesar; certificates, revenue land, local coordination.","District administration (https://gurugram.gov.in/)"
"police","Commissioner of Police, Gurugram","","Policing, traffic and public order through the DCPs of each zone.","haryanapolice.gov.in (https://haryanapolice.gov.in/) | Cybercrime portal (https://cybercrime.gov.in/)"
"consumer","District Consumer Commission and District Registrar","","Consumer disputes; registration and disputes of RWAs and societies.","e-Daakhil (https://edaakhil.nic.in/) | District administration (https://gurugram.gov.in/)"
"gmda","Gurugram Metropolitan Development Authority","Chief Executive Officer","Master roads, bulk water, master sewers and storm drains, mobility, the integrated grievance portal.","gmda.gov.in (https://www.gmda.gov.in/) | Grievance portal (https://services.gmda.gov.in/) | OneMap GGM (https://onemapggm.gmda.gov.in/)"
"mcg","Municipal Corporation of Gurugram","Mayor Raj Rani Malhotra; Municipal Commissioner; 36 councillors","Sanitation, internal roads, streetlights, parks, internal water and sewer, property tax, building plans, stray animals, encroachment.","mcg.gov.in (https://www.mcg.gov.in/) | Grievance portal (https://services.gmda.gov.in/) | Ward directory (#/wards)"
"manesar","Municipal Corporation of Manesar","","The same functions for the Manesar side of the district.","Grievance portal (https://services.gmda.gov.in/)"
"hsvp","HSVP Estate Office","","HSVP sectors and their internal services until transfer to MCG; plot allotments.","hsvphry.org.in (https://hsvphry.org.in/)"
"dhbvn","DHBVN, Gurugram circles","","Power distribution and billing.","dhbvn.org.in (https://dhbvn.org.in/)"
"hspcb","HSPCB regional office","","Pollution enforcement.","hspcb.gov.in (https://hspcb.gov.in/)"
"councillor","Ward councillor","","Elected for your ward; first contact for local works; sits in the MCG House and its committees.","Ward directory, all 36 (#/wards) | mcg.gov.in (https://www.mcg.gov.in/)"
"je","Junior engineer and sanitation supervisor","","The field staff who clear a complaint in your ward; named on your ticket.","Raise a ticket (https://services.gmda.gov.in/)"
"rwa","RWA or Apartment Owners Association","","Internal roads, security, common areas, and the society's voice with the agencies.","Civic charter for societies (#/charter)"
"chapter","Forum area chapter","","Volunteers who map issues in your sector, follow tickets, and bring recurring problems to policy dialogues.","Join (#/join)"