Area or sector,Ward number (suggested),Why it needs a check,Source link,Is the ward right? (Yes / No),"If No, the right ward",Your note
Sector 24,1,"press, verify; derived: DLF Phase 3 occupies Sector 24",https://www.amarujala.com/delhi-ncr/gurgaon/government-approves-ward-delimitation-leaders-become-active-for-elections-gurgaon-news-c-24-1-noi1094-21236-2023-12-17,,,
Sikanderpur,1,"press, verify; Sikanderpur Ghosi village listed with ward 1 (newzpapr, Samvada)",https://samvadabroadcast.com/mcg-ward-division-dlf-2-split-in-parts/,,,
Sector 25,2,"press, verify; derived: DLF Phase 2 / Cyber Hub occupy Sector 25",https://www.amarujala.com/delhi-ncr/gurgaon/government-approves-ward-delimitation-leaders-become-active-for-elections-gurgaon-news-c-24-1-noi1094-21236-2023-12-17,,,
Sector 18,2,"press, verify; Maruti Industries listed in ward 2; Sector 18 is the Maruti/Udyog Vihar industrial sector",https://www.amarujala.com/delhi-ncr/gurgaon/government-approves-ward-delimitation-leaders-become-active-for-elections-gurgaon-news-c-24-1-noi1094-21236-2023-12-17,,,
Dundahera,2,"press, verify; Samvada (2024) and newzpapr list Dundahera in ward 2",https://samvadabroadcast.com/ward-2councillor-elections-mcg/,,,
Surya Vihar,2,"press, verify; the Surya Vihar near Dundahera; a colony of the same name near Sector 7 is listed with ward 32",https://samvadabroadcast.com/ward-2councillor-elections-mcg/,,,
Heritage City,2,"press (newzpapr ward list), verify",https://newzpapr.com/wards-4/,,,
Palam Vihar Extension,3,"press (newzpapr ward list), verify; councillor Rakesh Yadav's address is Palam Vihar Extension (ULB directory)",https://newzpapr.com/wards-4/,,,
Sector 21,3,"press (newzpapr ward list), verify",https://newzpapr.com/wards-4/,,,
Sector 22,3,"press (newzpapr ward list), verify; pockets A and B",https://newzpapr.com/wards-4/,,,
Mollahera,3,"press (newzpapr ward list), verify",https://newzpapr.com/wards-4/,,,
Nobel Enclave,3,"press (newzpapr ward list), verify",https://newzpapr.com/wards-4/,,,
Gurgaon One,3,"press (newzpapr ward list), verify",https://newzpapr.com/wards-4/,,,
Sector 103,6,"press, verify; newzpapr lists it in the block that starts with Sector 102/102A",https://newzpapr.com/wards-4/,,,
Sector 106,6,"press, verify; newzpapr lists it in the block that starts with Sector 102/102A",https://newzpapr.com/wards-4/,,,
Daultabad,6,"press, verify; village; newzpapr lists it in the block that starts with Sector 102/102A; the Daultabad industrial area is in ward 34",https://newzpapr.com/wards-4/,,,
Dhankot,6,"press, verify; newzpapr lists it in the block that starts with Sector 102/102A",https://newzpapr.com/wards-4/,,,
Sector 105,7,"press, verify; newzpapr and GeoIQ ('Ward No.7, Sector 105')","https://geoiq.io/places/Ward-No.7,-Sector-105/y1kQaWQJBK",,,
Kadipur,10,"press (newzpapr ward list), verify; Kadipur village (its enclave and industrial area are in ward 9)",https://newzpapr.com/wards-4/,,,
Sector 10A,10,"press (newzpapr ward list), verify",https://newzpapr.com/wards-4/,,,
Pace City 1,10,"press (newzpapr ward list), verify",https://newzpapr.com/wards-4/,,,
Sector 37,10,"press, verify; newzpapr puts the old Khandsa industrial area (Sector 37) in ward 10 and Sector 37C in ward 9; split",https://newzpapr.com/wards-4/,,,
Shaktipur,10,"press (newzpapr ward list), verify",https://newzpapr.com/wards-4/,,,
Hari Nagar,10,"press (newzpapr ward list), verify",https://newzpapr.com/wards-4/,,,
Basai,11,"press (newzpapr ward list), verify; Basai village (Basai Enclave is in ward 9)",https://newzpapr.com/wards-4/,,,
Dhanwapur,11,"press (newzpapr ward list), verify; councillor of ward 7 is from Dhanwapur, so the village may be split with ward 7",https://newzpapr.com/wards-4/,,,
Gadoli,11,"press (newzpapr ward list), verify",https://newzpapr.com/wards-4/,,,
Surat Nagar 2,11,"press (newzpapr ward list), verify; Surat Nagar Phase 1 is in ward 34",https://newzpapr.com/wards-4/,,,
Sector 9B,11,"press (newzpapr ward list), verify",https://newzpapr.com/wards-4/,,,
Sector 37B,11,"press (newzpapr ward list), verify",https://newzpapr.com/wards-4/,,,
Sector 37D,11,"press (newzpapr ward list), verify",https://newzpapr.com/wards-4/,,,
Sector 100,11,"press (newzpapr ward list), verify",https://newzpapr.com/wards-4/,,,
Sector 101,11,"press (newzpapr ward list), verify",https://newzpapr.com/wards-4/,,,
Sector 104,11,"press (newzpapr ward list), verify",https://newzpapr.com/wards-4/,,,
Medicity,12,"press (newzpapr ward list), verify",https://newzpapr.com/wards-4/,,,
Sector 38,12,"press (newzpapr ward list), verify",https://newzpapr.com/wards-4/,,,
Sector 39,12,"press (newzpapr ward list), verify",https://newzpapr.com/wards-4/,,,
Islampur,12,"press (newzpapr ward list), verify",https://newzpapr.com/wards-4/,,,
Sector 33,12,"press, verify; newzpapr lists Sector 33 with Sector 38, Hans Enclave and Islampur; may belong to ward 15 (Malibu Towne/Sector 47)",https://newzpapr.com/wards-4/,,,
Hans Enclave,12,"press, verify; newzpapr lists it with Sector 38 and Islampur",https://newzpapr.com/wards-4/,,,
Sector 15,13,"press (newzpapr ward list), verify; Sector 15 Parts 1 and 2",https://newzpapr.com/wards-4/,,,
Kirti Nagar,13,"press (newzpapr ward list), verify",https://newzpapr.com/wards-4/,,,
Sector 31,13,"press (newzpapr ward list), verify",https://newzpapr.com/wards-4/,,,
Sector 40,13,"press (newzpapr ward list), verify; newzpapr's draft list also shows Sector 40 with the Kanhai/Sector 45 block (ward 21)",https://newzpapr.com/wards-4/,,,
Prem Puri,13,"press (newzpapr ward list), verify; Prem Puri, Jharsa",https://newzpapr.com/wards-4/,,,
Sushant Lok 3,14,"press (newzpapr ward list), verify; includes Sushant Lok 3 Extension",https://newzpapr.com/wards-4/,,,
Sector 57,14,"press (newzpapr ward list), verify; Sushant Lok 3 is Sector 57; newzpapr also lists Sector 57 with the Wazirabad/Ardee City block (ward 22); split",https://newzpapr.com/wards-4/,,,
Sector 46,14,"press (newzpapr ward list), verify",https://newzpapr.com/wards-4/,,,
Jal Vihar,14,"press (newzpapr ward list), verify",https://newzpapr.com/wards-4/,,,
Indira Colony,14,"press (newzpapr ward list), verify; Indira Colony 1 and 2",https://newzpapr.com/wards-4/,,,
Sector 51,14,"press (newzpapr ward list), verify",https://newzpapr.com/wards-4/,,,
Mayfield Garden,14,"press (newzpapr ward list), verify; Mayfield Garden and Mayfield Colony (Sectors 50/51)",https://newzpapr.com/wards-4/,,,
Tigra,14,"press (newzpapr ward list), verify",https://newzpapr.com/wards-4/,,,
Sector 47,15,"press, verify; derived: Malibu Towne occupies Sector 47",https://www.amarujala.com/delhi-ncr/gurgaon/government-approves-ward-delimitation-leaders-become-active-for-elections-gurgaon-news-c-24-1-noi1094-21236-2023-12-17,,,
Gwal Pahari,20,"press (newzpapr ward list), verify",https://newzpapr.com/wards-4/,,,
Bhandwari,20,"press (newzpapr ward list), verify",https://newzpapr.com/wards-4/,,,
Balola,20,"press (newzpapr ward list), verify",https://newzpapr.com/wards-4/,,,
Sushant Lok 1,21,"press, verify; newzpapr lists Sushant Lok 1, Sectors 29/30/44/45, Kanhai, Silokhera and South City 1 together, labelled ward 21 in one read and ward 19/20 (the Aug 2023 draft numbering) in another; blocks A and B appear with the DLF 4/Sector 43 block (ward 24)",https://newzpapr.com/wards-4/,,,
South City 1,21,"press, verify; same block as Sushant Lok 1; Block I is listed with ward 12",https://newzpapr.com/wards-4/,,,
Sector 29,21,"press, verify; same block as Sushant Lok 1",https://newzpapr.com/wards-4/,,,
Sector 30,21,"press, verify; same block as Sushant Lok 1",https://newzpapr.com/wards-4/,,,
Sector 44,21,"press, verify; same block as Sushant Lok 1",https://newzpapr.com/wards-4/,,,
Sector 45,21,"press, verify; same block as Sushant Lok 1",https://newzpapr.com/wards-4/,,,
Sector 41,21,"press, verify; newzpapr draft block with Sectors 40/41/44/45",https://newzpapr.com/wards-4/,,,
Kanhai,21,"press, verify; same block as Sushant Lok 1",https://newzpapr.com/wards-4/,,,
Silokhera,21,"press, verify; same block as Sushant Lok 1",https://newzpapr.com/wards-4/,,,
Sector 32,21,"press, verify; derived: Silokhera village lies in Sector 32",https://newzpapr.com/wards-4/,,,
Saini Khera,21,"press, verify; same block as Sushant Lok 1",https://newzpapr.com/wards-4/,,,
Moti Vihar,21,"press, verify; same block as Sushant Lok 1",https://newzpapr.com/wards-4/,,,
Vijay Vihar,21,"press, verify; same block as Sushant Lok 1",https://newzpapr.com/wards-4/,,,
Jalvayu Vihar,21,"press, verify; Amar Ujala lists Jalvayu Vihar, Silokhera, Moti Vihar, Sector 30 and South City 1 together (ward number cut off in the snippet)",https://www.amarujala.com/delhi-ncr/gurgaon/government-approves-ward-delimitation-leaders-become-active-for-elections-gurgaon-news-c-24-1-noi1094-21236-2023-12-17,,,
Ardee City,22,"press (newzpapr ward list), verify; councillor Vikash Yadav (unopposed)",https://newzpapr.com/wards-4/,,,
Suncity,22,"press (newzpapr ward list), verify",https://newzpapr.com/wards-4/,,,
Sector 52,22,"press (newzpapr ward list), verify; includes 52A",https://newzpapr.com/wards-4/,,,
Sector 53,22,"press (newzpapr ward list), verify; councillor Aarti Yadav (ward 24) has described Sector 53 and DLF Phase 5 as her area; may be split with ward 24",https://newzpapr.com/wards-4/,,,
Sector 54,22,"press (newzpapr ward list), verify",https://newzpapr.com/wards-4/,,,
Sector 56,22,"press (newzpapr ward list), verify",https://newzpapr.com/wards-4/,,,
Chakkarpur,23,"press (newzpapr ward list), verify; councillor Kunal Yadav (#Chakkarpur)",https://www.instagram.com/kunalyadav_ward23/,,,
DLF Phase 1,23,"press (newzpapr ward list), verify",https://newzpapr.com/wards-4/,,,
Sector 26,23,"press, verify; derived: DLF Phase 1 occupies Sector 26",https://newzpapr.com/wards-4/,,,
Sector 28,23,"press (newzpapr ward list), verify",https://newzpapr.com/wards-4/,,,
Saraswati Vihar,23,"press (newzpapr ward list), verify",https://newzpapr.com/wards-4/,,,
Maruti Vihar,23,"press (newzpapr ward list), verify",https://newzpapr.com/wards-4/,,,
Maruti Kunj,23,"press (newzpapr ward list), verify",https://newzpapr.com/wards-4/,,,
DLF Phase 4,24,"press, verify; newzpapr lists DLF Phase 4, DLF Phase 5, Sectors 42/43/27 and Sushant Lok 1 blocks A-B in the block before its ward 23 heading; the only ward in the 19-24 group not otherwise accounted for is 24, whose councillor Aarti Yadav describes DLF Phase 5/Sector 53/Saraswati Kunj as her area",https://www.facebook.com/aartiyadavward32/,,,
DLF Phase 5,24,"press, verify; councillor Aarti Yadav describes DLF Phase 5, Sector 53 and Saraswati Kunj as her area (her page still carries the pre-2023 ward number 32)",https://www.facebook.com/aartiyadavward32/,,,
Saraswati Kunj,24,"press, verify; councillor Aarti Yadav's stated area",https://www.facebook.com/aartiyadavward32/,,,
Sector 42,24,"press, verify; same newzpapr block as DLF Phase 4",https://newzpapr.com/wards-4/,,,
Sector 43,24,"press, verify; same newzpapr block as DLF Phase 4; the main part of Sushant Lok 1 (also Sector 43) is listed with ward 21; split",https://newzpapr.com/wards-4/,,,
Sector 27,24,"press, verify; same newzpapr block as DLF Phase 4",https://newzpapr.com/wards-4/,,,
Rajiv Nagar,26,"press (newzpapr ward list), verify; Rajiv Nagar and Rajiv Nagar West",https://newzpapr.com/wards-4/,,,
Sanjay Gram,26,"press (newzpapr ward list), verify",https://newzpapr.com/wards-4/,,,
Acharya Puri,26,"press (newzpapr ward list), verify",https://newzpapr.com/wards-4/,,,
Sheetla Colony,26,"press (newzpapr ward list), verify; blocks A and B",https://newzpapr.com/wards-4/,,,
Om Nagar,28,"press (newzpapr ward list), verify; councillor Dharambir Bhangrola (senior deputy mayor)",https://newzpapr.com/wards-4/,,,
Rajeev Colony,28,"press (newzpapr ward list), verify",https://newzpapr.com/wards-4/,,,
Shanti Nagar,28,"press (newzpapr ward list), verify",https://newzpapr.com/wards-4/,,,
Raj Nagar,28,"press (newzpapr ward list), verify",https://newzpapr.com/wards-4/,,,
Shivaji Park,28,"press (newzpapr ward list), verify",https://newzpapr.com/wards-4/,,,
Gandhi Nagar,28,"press (newzpapr ward list), verify",https://newzpapr.com/wards-4/,,,
Shivaji Nagar,29,"press, verify; Amar Ujala lists Shivaji Nagar in the block immediately before its ward 30 heading; newzpapr also puts it in ward 29",https://www.amarujala.com/delhi-ncr/gurgaon/government-approves-ward-delimitation-leaders-become-active-for-elections-gurgaon-news-c-24-1-noi1094-21236-2023-12-17,,,
Firoz Gandhi Colony,29,"press, verify; same Amar Ujala block as Shivaji Nagar",https://www.amarujala.com/delhi-ncr/gurgaon/government-approves-ward-delimitation-leaders-become-active-for-elections-gurgaon-news-c-24-1-noi1094-21236-2023-12-17,,,
Auto Market,29,"press, verify; same Amar Ujala block as Shivaji Nagar",https://www.amarujala.com/delhi-ncr/gurgaon/government-approves-ward-delimitation-leaders-become-active-for-elections-gurgaon-news-c-24-1-noi1094-21236-2023-12-17,,,
Amar Colony,29,"press, verify; same Amar Ujala block as Shivaji Nagar",https://www.amarujala.com/delhi-ncr/gurgaon/government-approves-ward-delimitation-leaders-become-active-for-elections-gurgaon-news-c-24-1-noi1094-21236-2023-12-17,,,
Shakti Nagar,29,"press, verify; same Amar Ujala block as Shivaji Nagar",https://www.amarujala.com/delhi-ncr/gurgaon/government-approves-ward-delimitation-leaders-become-active-for-elections-gurgaon-news-c-24-1-noi1094-21236-2023-12-17,,,
Laxmi Garden,29,"press, verify; same Amar Ujala block as Shivaji Nagar",https://www.amarujala.com/delhi-ncr/gurgaon/government-approves-ward-delimitation-leaders-become-active-for-elections-gurgaon-news-c-24-1-noi1094-21236-2023-12-17,,,
Aath Marla,29,"press, verify; same Amar Ujala block as Shivaji Nagar",https://www.amarujala.com/delhi-ncr/gurgaon/government-approves-ward-delimitation-leaders-become-active-for-elections-gurgaon-news-c-24-1-noi1094-21236-2023-12-17,,,
Arjun Nagar,30,"press report of final notification (Amar Ujala, 17 Dec 2023); newzpapr puts Arjun Nagar in ward 29 and 'Arjun Vihar' in ward 30; verify",https://www.amarujala.com/delhi-ncr/gurgaon/government-approves-ward-delimitation-leaders-become-active-for-elections-gurgaon-news-c-24-1-noi1094-21236-2023-12-17,,,
Jyoti Park,30,"press (newzpapr ward list), verify; newzpapr lists Jyoti Park with both ward 30 and ward 32",https://newzpapr.com/wards-4/,,,
Krishna Colony,32,"press (newzpapr ward list), verify",https://newzpapr.com/wards-4/,,,
Housing Board Colony,32,"press (newzpapr ward list), verify; Sector 7 Housing Board",https://newzpapr.com/wards-4/,,,
Laxman Vihar,33,"press (newzpapr ward list), verify; Phases 1 and 2; Amar Ujala's snippet runs Laxman Vihar into its ward 30 list, newzpapr gives ward 33; councillor Sarika Bhardwaj",https://newzpapr.com/wards-4/,,,
Sector 4,33,"press (newzpapr ward list), verify; same caveat as Laxman Vihar",https://newzpapr.com/wards-4/,,,
Cancan Enclave,33,"press (newzpapr ward list), verify",https://newzpapr.com/wards-4/,,,
