"ward","councillor","party_as_elected_2025"
"1","Sundar Singh","BJP"
"2","Jyotsna Yadav","BJP"
"3","Rakesh Yadav","Independent"
"4","Pradeep Kadam","Independent"
"5","Ram Avtar Rana","JJP"
"6","Satpal","Congress"
"7","Dinesh Dahiya","Independent"
"8","Naresh Kumar","BJP"
"9","Avnish Raghav","Independent"
"10","Mahabir","Independent"
"11","Kuldeep Yadav","BJP"
"12","Ruchi","Independent"
"13","Pawan Kumar","BJP"
"14","Pratham Vashistha","BJP"
"15","Bharati Harshana","BJP"
"16","Vikramjit Singh","BJP"
"17","Neha Dewatwal","Independent"
"18","Jyoti Jaildar","BJP"
"19","Raj Singh Amit","BJP"
"20","Narayan Bhadana","BJP"
"21","Sonia Yadav","BJP"
"22","Vikash Yadav","BJP, unopposed"
"23","Kunal Yadav","Independent"
"24","Aarti Yadav","BJP"
"25","Anoop Singh","BJP"
"26","Sunita Rani","BJP"
"27","Ashish Gupta","BJP"
"28","Dharambir Bhangrola","BJP"
"29","Usha","BJP"
"30","Madhu Batra","BJP"
"31","Dalip Kumar Sahani","BJP"
"32","Vijay","BJP"
"33","Sarika Bhardwaj","Independent"
"34","Surekha","BJP"
"35","Parminder Kataria","Independent"
"36","Rekha","BJP"